"","store","billboard","printout","sat","comp","price","sales"
"1",1698,698,556,68,607,95,13605.6119092442
"2",2069,1075,775,72,637,101,19142.6733375182
"3",2271,615,772,71,761,95,15027.6234000871
"4",1413,1158,1098,79,1183,98,16589.6591022724
"5",2107,1175,386,77,940,97,21887.5820998904
"6",2126,523,538,68,994,104,11786.3916742929
"7",1856,1234,364,64,774,106,16118.905273362
"8",1863,943,928,72,521,97,17846.2932391972
"9",1858,831,688,63,941,103,14714.0827912756
"10",1777,1111,340,72,758,108,15947.7836222835
"11",1880,1320,595,67,854,102,20287.9677693413
"12",1750,1391,551,76,993,102,20092.3601467292
"13",1805,699,874,74,937,104,12838.1234331803
"14",2016,890,939,77,386,98,17236.2856483994
"15",2239,1036,481,67,368,95,19391.2366253208
"16",1972,1016,1056,80,1140,103,20337.5529492823
"17",1872,888,916,66,576,98,17785.9741866023
"18",1772,414,858,63,601,100,8853.51069744122
"19",1790,930,866,70,576,96,16257.810638219
"20",2603,704,908,72,680,88,19356.9873290682
"21",2033,1008,1043,76,669,103,19555.0297578009
"22",1877,790,667,72,665,101,15078.2465454592
"23",1889,970,811,66,604,99,15830.6008540949
"24",2114,814,1498,74,1089,92,17047.7266444508
"25",1826,897,527,65,991,100,15174.0106456896
"26",1637,905,873,75,932,96,16064.008592273
"27",2143,1332,440,71,686,96,24058.5247519748
"28",1744,1179,853,71,705,104,17116.1370728528
"29",1996,941,1043,65,706,104,16412.2176267945
"30",1766,693,211,66,792,101,11948.6029702084
"31",2275,1261,653,75,701,98,24677.2249172204
"32",1881,640,1363,72,1079,100,13580.9446699199
"33",1822,704,606,67,594,98,12991.9137413891
"34",1874,805,444,71,837,95,15358.9125184557
"35",1592,756,914,77,943,97,12648.441406257
"36",1708,774,619,67,801,101,14034.52134267
"37",1454,1321,1170,61,1298,100,12962.022563735
"38",1664,973,1070,73,765,100,14626.100843248
"39",1926,821,999,70,512,111,13117.063514262
"40",1883,1167,443,66,638,89,19572.6016227406
"41",2362,1049,889,66,998,91,22421.0713420072
"42",1732,694,895,70,1068,102,12256.3703589736
"43",1786,859,279,69,719,99,15535.1031695267
"44",1929,1133,956,70,494,101,18097.6618117729
"45",1751,1487,875,68,1077,95,19223.8497339539
"46",1757,1395,535,72,810,90,23087.4510050275
"47",1723,1209,747,65,787,100,15813.4366955915
"48",1687,996,1311,65,597,102,15404.4108206392
"49",1869,568,996,79,796,90,16450.138684816
"50",1875,817,480,75,888,105,13493.6717799111
"51",1548,946,822,67,1024,106,12031.0973386115
"52",1854,1122,1236,64,845,98,16533.6236598242
"53",1722,1014,808,55,860,105,11288.2165732157
"54",1746,1014,672,74,1063,99,15627.6852967977
"55",1959,1459,1091,70,666,100,22200.328515952
"56",2140,1096,683,71,661,103,20414.7205195862
"57",2411,929,742,70,693,99,19800.6701788878
"58",1806,892,1013,69,825,104,13309.0835577684
"59",2401,1023,1244,75,842,97,21921.822267093
"60",1710,796,593,72,823,93,15094.6795412059
"61",2164,1342,742,73,1104,100,22923.9338130956
"62",2637,928,782,70,801,110,17751.1500590036
"63",1991,867,1023,73,887,102,16215.4922506771
"64",1832,781,1185,71,865,101,13264.0738744534
"65",1998,1233,1222,71,793,88,23817.229627303
"66",2444,680,743,71,935,97,17007.6023490093
"67",1715,882,1032,74,802,104,14151.0787530762
"68",2341,1078,581,64,1150,98,18200.8598757766
"69",2332,972,665,60,664,99,19452.9767891832
"70",2084,1062,500,72,920,99,19646.2436297227
"71",2001,670,524,68,1011,97,14304.7848133885
"72",1886,892,947,61,682,90,15488.6325801855
"73",1908,573,983,72,695,104,12228.5184265846
"74",2162,789,854,66,941,96,15325.5088709084
"75",2517,1287,609,73,780,92,28211.4126512756
"76",1961,1063,874,71,646,96,19426.1493873416
"77",1652,1021,498,73,1058,100,16929.4375431535
"78",1819,766,361,60,528,99,13339.8024931438
"79",2064,860,674,64,731,99,16071.708950528
"80",1920,745,696,74,847,103,12968.20061651
"81",1955,1013,562,68,386,96,19459.1473773831
"82",1957,1191,298,79,946,99,20207.8320865062
"83",1656,1074,693,69,931,93,17022.7479332416
"84",1956,845,933,59,901,101,15537.5718489413
"85",2212,1138,996,73,633,106,22149.8913311088
"86",2174,1096,1198,66,1024,105,21187.1139165412
"87",2137,1210,810,78,913,104,21232.9211325881
"88",1899,889,1369,79,921,104,16949.6325564642
"89",1952,705,913,76,1118,104,12698.6068612467
"90",1701,978,760,71,765,106,13040.2363223832
"91",1986,1075,317,66,1146,94,18442.3920381523
"92",2063,1389,1407,70,741,115,19817.8572083088
"93",2426,982,1152,67,984,101,20994.0596653964
"94",2250,1106,958,66,893,113,17977.5069648929
"95",1876,979,1079,63,782,110,14532.655118132
"96",2088,1539,1061,70,708,105,23272.5666967337
"97",1716,1334,1014,74,750,96,22316.4134754296
"98",2219,941,1035,71,600,102,17817.9951777252
"99",2243,968,1065,66,852,99,16412.4761898028
"100",2530,994,627,71,886,99,23506.1430827521
"101",2103,1028,732,73,1206,114,13809.666937752
"102",1881,858,829,71,648,101,16402.1552780231
"103",2016,1020,586,74,789,100,17054.672750779
"104",1874,826,1343,62,611,100,15465.6702969576
"105",1793,725,468,69,656,90,14872.9625171704
"106",2041,1201,835,66,645,95,19259.8634765023
"107",1775,1164,601,72,741,92,20119.7958984531
"108",2042,857,822,77,1234,103,16150.4296738741
"109",2088,1318,842,72,1003,100,21574.1902807248
"110",1986,951,787,73,960,94,18094.4063525325
"111",1951,929,26,67,638,107,14880.6048497406
"112",1837,761,175,73,1176,104,14065.6341181734
"113",1722,993,980,68,1201,102,13406.3140837677
"114",2212,965,576,67,631,103,16329.4751929719
"115",2005,1016,824,70,841,94,20654.8348801208
"116",2207,1111,1000,67,850,98,18739.8516173276
"117",1688,1226,757,80,377,102,21585.9577163761
"118",2042,1081,621,72,974,94,19711.596379626
"119",2168,1248,743,66,631,113,18732.9304943006
"120",1993,1266,1202,68,963,106,18437.1396615002
"121",1952,267,1190,77,898,105,10309.7478615644
"122",1804,909,1286,64,883,100,14242.3427772516
"123",2514,1142,1175,63,930,92,22035.1163876727
"124",2187,720,401,71,957,105,14971.0409330991
"125",2456,759,336,75,872,107,16792.9252889797
"126",2020,1068,816,60,625,101,17080.8577870072
"127",1842,889,755,70,625,97,15692.6234105091
"128",1621,567,430,81,624,102,13251.1416368165
"129",1840,1226,301,71,746,102,20742.8210727305
"130",2056,789,1111,74,840,96,16851.4385801392
"131",2253,1096,1217,70,692,96,20792.9549431954
"132",2063,1103,865,66,969,101,18205.3683713708
"133",1707,1380,842,64,765,104,17069.0523622396
"134",2167,1049,769,66,428,111,15890.374888984
"135",1587,1166,676,63,1178,94,14895.2049381641
"136",1908,1285,452,69,1068,97,21524.3919959456
"137",1920,898,748,65,1163,106,14656.3133295061
"138",1512,586,537,71,995,100,10905.9941951431
"139",2230,1035,847,66,444,103,18037.3717442253
"140",1844,1331,976,66,789,95,21182.4446583145
"141",1916,648,727,74,910,98,14598.137379077
"142",2348,1253,1170,73,887,101,23311.1099063896
"143",2159,984,1218,81,946,95,22406.6256863778
"144",1972,1024,1109,70,910,106,17119.2402193063
"145",2128,912,447,60,429,93,17450.6807099784
"146",2099,1259,414,65,788,104,20189.3969315834
"147",2415,1356,819,73,736,100,25750.0553813582
"148",2068,1392,839,69,819,93,23180.3431949091
"149",2126,758,968,74,505,108,16952.7842167709
"150",2086,1189,432,74,762,100,19286.4113679698
"151",1905,905,731,80,927,98,18291.1035253044
"152",2024,754,887,71,666,102,14526.7798997869
"153",2409,1097,383,69,675,99,21385.9017061959
"154",1781,995,846,67,881,98,15805.7730957072
"155",2030,1197,1275,70,991,96,19600.8697170753
"156",2340,1448,420,72,609,102,26453.9493530366
"157",1941,1259,1132,77,1035,94,21399.8263966448
"158",1736,826,1062,72,796,100,15865.1483228549
"159",1782,1034,1063,63,1138,99,14336.6599688531
"160",1902,1353,1157,64,1241,98,20451.0557518663
"161",1788,1293,805,62,1036,103,16853.6963507696
"162",1934,603,850,75,836,102,10886.1794176789
"163",1896,1236,552,62,877,98,19544.4713458437
"164",1954,914,929,67,573,102,17256.1296094217
"165",2101,843,1118,63,1043,91,16251.4746070106
"166",2156,724,848,76,1155,95,18496.2615187552
"167",2419,922,1093,77,753,100,21648.522429187
"168",1982,1172,1110,73,831,107,19386.9799010927
"169",1919,1358,477,65,707,94,19508.7989320144
"170",2367,1034,884,68,627,91,20758.597555179
"171",2426,981,681,71,1055,100,18865.7423403193
"172",2010,949,758,70,519,100,18473.8277996353
"173",1916,1238,758,64,1023,92,20114.2953450864
"174",1544,729,519,68,539,100,13870.9211518737
"175",2352,1062,1035,76,754,98,21307.8132900878
"176",1790,1255,571,64,715,100,16548.6813009672
"177",1719,1265,921,73,669,94,20777.0900500868
"178",2760,1104,351,68,849,97,23372.2761838325
"179",2058,709,707,71,749,96,15685.7377810154
"180",1991,794,747,72,991,105,14361.1854834923
"181",1316,819,634,70,975,97,12855.6068448763
"182",1975,639,755,77,1144,98,14171.3001587697
"183",2244,1010,1058,62,1034,90,19782.174489695
"184",2103,1305,946,71,747,100,22873.1569733286
"185",2228,388,601,73,1186,96,13189.5168578422
"186",2495,1189,746,69,485,104,24411.2484952748
"187",2292,949,775,66,972,104,17244.0115657988
"188",1872,807,705,79,734,98,16788.8984480975
"189",2176,1192,767,74,509,92,24038.940428639
"190",1950,1162,726,75,1002,98,19191.9114306044
"191",1865,1024,1334,64,916,99,16261.1418220653
"192",1286,770,872,67,803,95,13076.5461911715
"193",1802,823,936,60,820,96,14864.9346913698
"194",2121,595,655,71,733,102,12642.7781279179
"195",2542,1470,860,61,739,107,23786.5845042683
"196",2125,961,871,60,760,93,17138.2622491021
"197",2155,811,898,72,585,97,17905.8157754239
"198",1758,459,845,62,841,88,11828.5606554309
"199",2040,892,1295,67,707,103,13871.2566558687
"200",1480,862,308,71,940,103,12038.8578493721
"201",2121,649,936,69,647,104,14453.0625871863
"202",2174,1595,932,73,623,100,27587.2957134861
"203",2046,1218,621,65,987,97,21375.4420588679
"204",2175,616,814,67,335,89,16971.6566156493
"205",2077,1283,572,63,748,103,18613.2512273514
"206",2190,1261,613,62,945,106,19146.0958740321
"207",2460,1147,247,69,564,103,22428.2212447136
"208",2278,1099,1117,67,805,96,21505.8364739403
"209",2008,1036,663,73,895,96,20302.2729290508
"210",1721,1154,951,64,481,99,17173.1665262611
"211",2104,741,731,67,522,99,13531.3227694613
"212",1899,837,1305,81,378,102,18601.2565564784
"213",2373,749,860,71,820,106,17244.3912319354
"214",1598,958,1354,72,712,105,15201.1182276217
"215",1896,1036,841,64,957,101,14625.8208888817
"216",2105,1150,1162,79,378,94,23030.2545824084
"217",1962,1132,830,75,900,95,20695.4505715889
"218",1848,1361,887,77,800,94,21672.6016132372
"219",1923,1149,739,73,853,105,16754.5433831003
"220",2157,1314,825,69,1059,91,25214.0731179
"221",2223,1274,979,67,938,95,22065.397048276
"222",2165,852,922,65,917,100,16487.4504342922
"223",2568,1187,389,71,808,104,24169.8679789714
"224",2293,1113,1104,66,1040,101,19567.2294921703
"225",2071,1029,614,71,891,103,17918.180894526
"226",1835,774,1035,70,796,98,12272.367607412
"227",2729,1146,769,72,931,96,26133.6939945534
"228",2169,1015,817,68,599,91,21873.9457854381
"229",1828,911,930,71,971,99,15576.3686165661
"230",2046,1230,575,65,683,106,18668.7512967259
"231",1918,1248,783,65,761,100,17768.7500565703
"232",1931,1218,625,68,768,107,18778.7796340493
"233",1766,347,970,65,754,102,9015.42874513488
"234",2029,775,883,71,312,101,15057.5990601171
"235",2079,1234,444,77,734,95,23440.3731519246
"236",1730,813,721,69,710,100,13453.9383450775
"237",1191,1102,650,72,773,95,15257.7384809233
"238",1936,1045,634,65,926,105,14642.7880696306
"239",2007,1276,801,73,750,94,22506.2212632824
"240",2148,822,345,69,437,96,18258.6815174318
"241",2014,985,1281,58,734,106,14710.7906895404
"242",2103,1086,919,72,369,96,20400.8024462511
"243",1725,1318,316,73,728,105,19987.4037014377
"244",2177,955,571,72,324,99,20818.0975478603
"245",2179,1072,892,69,899,98,21547.6328448668
"246",2062,664,226,72,894,98,13635.2112996119
"247",2339,1158,679,69,773,104,20764.4509130553
"248",2101,1051,795,74,907,92,20850.4240698416
"249",2066,1159,1117,63,514,92,19315.5899246805
"250",2067,897,1218,73,1009,102,15225.5926160606
"251",2109,1421,1130,72,805,106,22116.0955621822
"252",2265,965,1170,73,883,110,16565.8462393466
"253",2113,1030,675,68,1035,104,16240.4226089997
"254",2165,973,1084,71,773,104,17951.2471642414
"255",1715,1211,810,72,1275,105,15580.2465534894
"256",1907,807,1253,70,609,96,14474.9274016281
"257",2369,1050,883,63,918,99,19413.4697747589
"258",1694,1143,971,72,1042,100,16549.386621966
"259",2064,688,895,67,550,99,15694.0901914791
"260",2101,1056,1004,63,509,107,15715.9251124837
"261",2243,851,896,73,611,106,16655.7071553974
"262",1912,1357,687,77,515,107,21900.9727400418
"263",2039,1176,826,70,848,106,17193.6878634812
"264",1559,568,1534,73,934,105,11444.4466928373
"265",2084,1229,530,67,588,92,22596.2700117037
"266",1833,1054,926,68,744,103,15969.7373525481
"267",1940,859,904,75,617,90,20075.9576677553
"268",1703,911,1051,68,606,100,15557.0383432274
"269",2096,681,220,73,648,102,15170.1690591255
"270",2166,1096,484,67,667,96,20736.3629013099
"271",1923,590,832,71,752,107,11513.326606924
"272",2456,964,568,81,662,101,21353.7360870247
"273",2167,1113,692,75,1042,98,20115.4057311428
"274",2237,1020,969,79,541,102,22006.790300662
"275",2512,1214,791,78,753,102,26376.7147038605
"276",1837,1012,604,73,783,106,16912.9922539803
"277",2202,1577,727,64,950,104,22570.2563331995
"278",2246,785,1232,72,720,107,15764.5635669034
"279",1998,1384,1200,70,600,98,21935.0621383428
"280",2079,596,687,65,880,95,13826.3396898647
"281",1747,730,1186,60,738,107,8935.44107833676
"282",2117,774,952,61,1043,98,15138.603576732
"283",1824,619,1023,68,545,102,13485.088753886
"284",2203,1371,558,74,832,103,24017.7493858766
"285",1797,1258,415,58,669,92,17048.5269721108
"286",2079,1342,1132,75,1166,102,22929.076275818
"287",1788,847,616,60,541,95,13581.5409706131
"288",1938,1021,642,68,987,95,19188.258553927
"289",1611,1279,854,75,1003,112,15625.6904430689
"290",2032,1265,387,73,609,91,21748.7484685861
"291",2246,1140,948,71,607,95,22873.922320663
"292",2045,1039,1131,69,918,91,20335.7528173507
"293",1558,708,771,71,824,105,11578.3649786731
"294",1844,1077,367,68,675,95,16904.4565126549
"295",2414,955,652,69,955,99,17087.6228673682
"296",2452,836,660,70,948,102,17238.4065608264
"297",1706,1394,1061,77,815,105,19047.9163214294
"298",1908,824,1064,75,829,108,15147.2171187721
"299",2088,1060,874,74,726,92,20668.0487977104
"300",2079,1129,703,72,960,100,18003.8847663485
"301",1855,1262,763,72,1115,108,17270.4683524855
"302",1761,1091,968,74,972,105,16944.237445002
"303",1955,1493,1002,72,702,102,22812.140365138
"304",2252,1111,1239,68,1061,102,20874.048158397
"305",2005,877,495,74,808,110,15839.2133758439
"306",1837,1025,894,72,844,106,16854.3108219935
"307",1873,1167,864,67,594,97,18547.3821163691
"308",2403,452,369,68,914,99,13243.4344559975
"309",1888,976,747,65,780,94,18102.1585673082
"310",2190,1010,661,62,305,98,18880.7691256756
"311",2367,940,508,68,913,98,20467.8129658025
"312",2110,1012,862,74,1051,93,20945.9964694428
"313",1894,502,201,77,774,103,11020.132898965
"314",1989,1086,1068,73,942,104,18073.0352419494
"315",1876,1000,1173,74,707,108,14814.5930196699
"316",2306,876,1112,66,450,104,17681.4321405422
"317",1962,283,1028,62,611,102,6536.44717061039
"318",2387,897,861,67,835,109,15675.7544769116
"319",1859,1029,840,70,573,95,18517.5969431254
"320",1838,982,771,67,899,102,15854.215450158
"321",2035,847,609,75,863,97,16982.0009676201
"322",2006,1080,852,72,993,91,19802.6702900996
"323",1873,772,987,66,551,91,15062.8405826694
"324",1604,1174,472,77,1033,99,17535.6444825449
"325",2007,1206,737,66,711,102,19273.7405195232
"326",1820,1239,715,63,419,101,17618.4373790802
"327",2270,1199,875,71,801,99,22131.8501676401
"328",1761,911,584,72,914,100,14933.7067619291
"329",2281,993,1040,61,1062,99,18247.2893670262
"330",1837,1311,674,69,726,95,21290.8687740972
"331",2073,1152,1117,61,924,96,19870.9011201805
"332",2224,1086,672,70,905,101,18731.1929160256
"333",1870,1319,1102,68,797,108,17969.1706645532
"334",2138,843,715,67,1242,100,15279.7410958687
"335",1978,1006,961,64,783,111,13520.6741509376
"336",1716,1325,869,69,723,95,18958.5842213437
"337",1932,937,777,64,655,101,15068.6894620588
"338",2404,1033,1173,77,803,100,23316.2752685268
"339",1946,963,846,73,767,98,17909.0195573445
"340",1795,1308,906,78,612,104,21823.2458674855
"341",1986,1033,764,72,638,93,18602.2920224917
"342",2082,1016,698,73,1018,99,17158.6209103018
"343",2238,829,1352,83,898,100,21134.8872806016
"344",2285,895,747,61,660,104,16748.0696302857
"345",2025,607,835,59,828,96,11265.3881230992
"346",2291,1102,882,64,753,85,23190.7966030035
"347",1808,1211,843,75,731,105,18206.8465532607
"348",1413,665,1157,62,749,104,7202.44707257128
"349",1882,1100,507,78,716,105,18680.1161158254
"350",1871,1082,713,76,904,98,21034.8334590089
"351",1420,1048,515,81,523,87,19480.0683976252
"352",2140,1017,626,59,847,101,15820.1200268249
"353",1804,1408,923,65,1022,107,17169.2861126628
"354",1943,1083,1011,74,773,97,19493.3660428381
"355",1603,1350,1511,69,802,96,19116.9031675035
"356",2136,1112,925,74,570,99,21045.841629756
"357",2472,1121,726,64,1055,100,18753.1448065072
"358",1780,865,548,72,897,98,12536.2928656532
"359",1971,1672,901,70,623,103,24412.8904018866
"360",2487,985,1031,70,952,106,18609.3843631143
"361",2233,875,692,76,680,96,18887.0368238789
"362",2478,1095,866,67,1054,101,20850.7249423456
"363",1998,1102,861,71,1081,100,19072.7869624
"364",1961,1180,699,63,1026,94,21211.9735258814
"365",1872,771,995,69,1027,107,11911.126793913
"366",2358,965,442,61,1015,102,18989.4547768492
"367",1678,1393,1305,66,803,105,17688.9718324406
"368",2076,879,813,70,436,97,18757.2817443364
"369",1988,910,906,74,653,98,18327.8100842388
"370",2562,1152,826,68,1010,98,23262.9916790929
"371",1847,848,468,70,632,102,14633.295230249
"372",1622,1283,947,75,668,101,19407.9940445021
"373",2058,1105,771,62,1110,106,14280.0160778785
"374",1990,1022,544,69,651,98,19684.84663404
"375",1790,602,895,69,940,98,12401.1024853091
"376",2033,913,312,75,1146,96,17798.6335538059
"377",1931,1508,1183,69,876,98,23246.0063527916
"378",1830,928,574,65,998,98,15194.8170843538
"379",2125,1163,769,60,821,109,16719.1873601041
"380",1917,768,1263,66,845,94,12592.803259972
"381",1541,602,437,75,1318,105,10768.1447190103
"382",1337,1177,1219,79,510,105,16625.0630896499
"383",1854,1362,1001,77,868,95,21492.8800245443
"384",2363,613,979,65,527,96,16348.5610235532
"385",2209,1211,252,70,1104,98,21889.0598277404
"386",2303,1082,739,74,791,103,20778.5066270447
"387",2245,908,451,67,729,97,17740.1363184761
"388",2078,1437,622,65,943,94,25472.9832380186
"389",1623,748,909,69,1211,105,10746.5596640732
"390",2051,970,579,65,438,100,16673.6185082842
"391",2399,1167,1071,61,230,94,21623.862975945
"392",1150,729,812,65,776,104,8211.9997232322
"393",1804,1276,403,77,332,99,22188.0974197766
"394",2275,971,1013,74,962,100,20037.339200093
"395",2132,1307,649,71,768,97,21650.870402986
"396",2197,994,540,69,544,104,16175.0903236358
"397",2114,816,1095,67,726,96,16373.0374499274
"398",2134,664,879,69,1006,98,15195.8515819111
"399",2003,656,923,71,704,105,14277.055174338
"400",1770,962,879,79,877,107,15827.6637190831
"401",1693,498,625,70,1048,96,11818.4166049054
"402",2009,610,804,69,823,101,14019.9077919308
"403",1894,1490,755,72,1245,93,23621.556571313
"404",1775,955,637,75,872,97,17663.9162048302
"405",2104,1339,377,78,673,103,23029.3156074834
"406",2038,1412,919,72,1129,93,22705.406210924
"407",2365,1029,633,66,874,100,20574.5670302642
"408",1719,1000,1129,72,491,100,17205.6021532628
"409",1870,1049,1046,69,697,103,17199.2098758296
"410",1981,1169,725,66,1029,95,18648.2913780655
"411",1648,1200,881,63,656,97,15875.0404798565
"412",1928,496,1032,74,1147,105,10871.7642958465
"413",1822,1011,728,73,853,97,17969.5964977495
"414",1463,1153,1555,69,689,100,16785.1453942607
"415",1929,957,941,66,878,105,14622.479446352
"416",1866,1056,776,68,1065,97,14974.194463772
"417",2283,1223,813,65,639,100,21855.1733231882
"418",1848,963,790,67,933,99,16287.2064517931
"419",2139,1384,1127,69,918,93,22286.8468198899
"420",2035,1113,1110,70,824,98,19449.5473119843
"421",1690,601,833,69,707,108,10613.2731055476
"422",2093,953,760,72,662,106,17252.4977669126
"423",1973,1141,947,58,789,99,14595.517891724
"424",2041,1040,650,80,685,91,23382.5122356289
"425",2164,657,814,79,842,103,15903.261211131
"426",2028,529,753,72,871,94,12669.755599201
"427",2396,982,445,62,1255,98,18367.7910542734
"428",2028,1171,659,73,711,95,21210.8220073206
"429",1686,822,522,58,736,99,9970.43591120373
"430",2185,1094,1035,77,769,99,23656.2702102892
"431",1694,1145,506,74,773,96,18281.0389847282
"432",1520,1243,769,63,889,102,15577.019390985
"433",1797,1146,557,73,1249,94,17965.4731714396
"434",1813,1061,823,69,836,102,15087.8578642763
"435",1848,608,681,70,745,95,13286.3316300179
"436",2401,872,1387,68,792,101,18278.7417625142
"437",2408,1214,716,71,1081,101,22627.7102918498
"438",2181,1112,987,75,746,92,20871.2956921386
"439",1681,775,896,66,540,98,12263.2374093824
"440",2005,1079,969,54,750,94,17295.3578608334
"441",2121,976,1055,78,562,96,20268.9842626806
"442",1965,1316,678,59,738,102,17756.4758337927
"443",2042,991,516,72,917,96,17004.8954332214
"444",1763,902,965,70,463,102,14565.4590138408
"445",1678,934,568,71,693,97,14360.0369905313
"446",2351,780,1141,75,796,104,18552.3622609604
"447",2066,1323,526,70,837,104,19934.924093324
"448",1897,1041,158,72,1069,107,16151.0486614864
"449",2081,849,535,65,1039,117,12519.4913601243
"450",2515,1099,670,71,675,101,22517.0177517956
"451",2090,1214,1274,69,764,103,19258.8538827173
"452",2352,894,1005,73,470,104,20397.754870053
"453",2341,923,1193,73,533,107,18267.9820372898
"454",1898,985,471,68,598,105,15277.0748463778
"455",2190,499,1078,63,845,93,11969.8079271013
"456",1837,1038,648,64,642,100,15290.7313188137
"457",1631,1010,1016,65,988,104,14394.123333055
"458",1699,934,314,71,869,106,13053.5449053553
"459",1962,744,1046,66,1072,98,13916.7192276556
"460",2449,1266,724,70,1020,100,24953.2973370115
"461",2026,885,753,75,820,89,20373.6920523447
"462",1799,1033,1131,67,739,95,17157.7409694885
"463",2057,1528,890,73,497,109,24032.1997869305
"464",2174,852,825,69,905,94,16611.8107359122
"465",1676,832,1005,68,774,105,12819.1424376537
"466",1736,1038,577,67,865,97,15141.655571411
"467",1514,928,467,70,756,99,12820.0218738743
"468",1682,876,1070,67,1103,99,14081.7442015103
"469",1778,1102,1155,75,938,96,19679.3587127136
"470",1927,1057,924,69,931,93,19163.1600388734
"471",2352,731,798,73,628,105,16320.8070947952
"472",2222,654,1154,78,744,95,18934.02214311
"473",2068,1149,837,72,651,99,20388.5441860949
"474",1858,790,897,62,955,99,13295.9737121849
"475",1989,761,829,63,742,105,13294.9960535909
"476",2136,1309,988,68,933,97,21640.6777966669
"477",1873,1018,507,74,414,102,19156.2811727082
"478",2264,865,684,68,835,100,16908.7317390055
"479",2274,1193,749,68,581,98,22554.7443857641
"480",1708,1326,395,72,827,103,19259.6050876952
"481",1813,1246,993,70,941,92,20421.1579210908
"482",2301,747,854,70,687,99,15366.9117846131
"483",1578,848,622,68,798,98,14220.2665009268
"484",2104,1079,887,75,548,101,17488.0703932572
"485",2058,658,843,69,660,94,15411.1860531208
"486",2798,904,623,71,424,102,22196.2918774962
"487",1317,996,815,72,769,95,12783.0904315437
"488",1789,983,610,71,733,99,16557.4518516805
"489",2168,1055,933,71,997,102,18913.4655187372
"490",2418,1045,452,64,891,101,19682.5247827743
"491",2209,1222,840,81,796,96,23843.1004504799
"492",1642,986,1011,72,905,87,16849.111373014
"493",2559,792,851,63,643,105,15703.4147514417
"494",1560,969,605,78,834,102,14695.0896026296
"495",1721,947,528,68,478,102,13844.6963491524
"496",1989,1009,394,77,464,103,17876.7041466144
"497",2556,1370,914,74,988,109,24360.8568089479
"498",2126,1141,846,68,815,101,19263.3608430757
"499",2182,1447,814,70,1082,101,22885.8398267132
"500",2432,1278,973,66,765,100,23448.0148395252
"501",2246,1448,458,60,524,97,23758.0425294726
"502",1693,658,934,65,620,99,10454.8341771353
"503",2177,823,469,70,1108,98,17597.8733904006
"504",1972,860,729,68,436,97,16087.8197188756
"505",2445,922,273,73,633,103,21001.1969282701
"506",1939,905,395,68,1056,100,13855.7450194032
"507",1618,1114,619,64,768,95,16077.1946000555
"508",2122,684,876,65,442,99,15385.1596424971
"509",2088,868,856,58,740,92,15844.5062831939
"510",1995,860,1033,74,889,96,16597.2941711058
"511",1735,906,910,72,1013,102,15380.7896639603
"512",1790,848,913,71,602,104,14285.6026892776
"513",1996,1300,559,70,1171,103,19484.4045093185
"514",2259,1192,516,71,797,102,23464.3241407569
"515",1908,1059,649,66,913,103,14151.5537263439
"516",1782,646,356,63,679,109,9108.23563667794
"517",1323,1733,777,70,1057,96,18503.729277314
"518",2123,1233,741,67,1067,102,20074.8353907727
"519",2106,1308,671,72,688,109,20648.6009369495
"520",2327,527,846,73,656,92,18941.3306171245
"521",2366,944,442,64,648,100,18459.2704174572
"522",1964,1192,325,62,1113,100,19189.3111583423
"523",2324,1096,942,76,907,97,23336.4435038797
"524",2000,1152,556,64,841,92,20694.8451206952
"525",1830,1147,580,64,998,101,17116.9881119488
"526",1787,891,688,70,692,100,14753.2130582516
"527",1913,937,606,63,746,93,18036.8889655612
"528",2056,768,1107,71,985,94,17417.9050805784
"529",1993,1271,1057,66,488,100,19991.6035572934
"530",2050,514,812,76,929,104,13437.036862943
"531",2049,929,747,62,497,97,17908.2266537534
"532",2178,1203,646,73,626,102,21764.4892969006
"533",1931,948,1048,67,869,94,16423.4861963623
"534",2408,1362,859,80,762,98,26535.5333999462
"535",2109,1210,853,67,919,101,21098.4681501133
"536",1701,783,425,64,582,100,12686.2179646852
"537",1930,985,1019,67,724,91,18841.8944040685
"538",2128,1002,649,70,773,100,17092.2494803017
"539",1897,1067,885,68,858,109,15489.3899335476
"540",2086,867,812,66,639,96,16477.576981964
"541",2108,845,1129,69,1261,108,13815.4449185012
"542",2325,934,1137,70,596,102,18246.6140395436
"543",1837,1228,1125,57,611,110,15118.3475678275
"544",1995,1280,778,62,778,100,18880.9400923013
"545",1858,849,771,61,573,106,12806.3454088976
"546",1718,1013,824,74,696,106,16479.4546928207
"547",1537,749,922,68,863,101,12856.340704698
"548",2048,810,792,68,919,108,14456.2752766078
"549",2150,847,468,77,913,97,18626.8955645799
"550",2159,670,577,64,637,93,15417.7103533871
"551",1652,498,527,80,878,104,11784.2190325272
"552",1717,1192,633,68,767,108,13589.407550367
"553",1714,1101,1123,62,625,98,15277.7918301282
"554",1827,792,777,65,526,107,11496.0301859102
"555",2042,1239,967,68,880,100,19689.7545399212
"556",2148,1452,777,72,527,103,22404.9325309576
"557",1796,362,1037,68,1299,102,5819.25846655033
"558",1283,1287,345,65,632,103,12271.7230119581
"559",2238,1306,682,64,990,101,22774.6057585933
"560",2153,1038,778,73,1050,99,19596.8626365411
"561",1824,869,894,69,1013,103,14325.9458613515
"562",1731,724,742,71,1031,91,13537.9917391287
"563",1925,780,748,69,1054,105,12381.0154785814
"564",2027,840,1082,62,985,109,11056.6204041089
"565",2180,473,956,74,820,95,14283.503086409
"566",2347,838,718,70,911,101,18474.8415961441
"567",1787,1246,783,77,892,92,21910.6883605934
"568",2072,811,972,78,667,94,20280.8066833074
"569",2333,1391,395,70,879,95,25185.6627000197
"570",1774,987,1011,68,538,96,15961.8345446436
"571",1944,1027,1142,57,711,99,12970.2836018911
"572",1557,1118,651,69,556,103,15415.3504267832
"573",2071,765,813,69,632,97,15679.6103218515
"574",1839,806,415,77,664,103,14611.4603866759
"575",1768,894,770,66,1239,98,15443.5873918452
"576",1805,1443,865,75,569,96,22518.0713012578
"577",2111,1106,610,66,753,99,18291.201206895
"578",1459,976,774,68,722,97,15258.9154690931
"579",1893,720,567,71,805,95,15805.712779176
"580",1746,978,776,73,458,95,18571.1105348975
"581",1759,1098,740,69,687,95,18709.3472360904
"582",2118,909,924,75,572,93,20105.4486365117
"583",2087,778,987,78,1019,99,18594.8604921762
"584",1973,763,1213,68,833,106,14245.2441628953
"585",2134,945,1011,64,1034,95,17222.5466165388
"586",1849,1085,697,69,937,99,17856.8281226665
"587",1494,1242,753,75,1103,108,16118.6313584987
"588",2288,666,1233,67,672,98,15242.5235657422
"589",1942,799,503,70,567,104,14287.3653693067
"590",1908,488,770,72,714,103,10809.2532107249
"591",2039,1027,1398,68,839,90,20118.8263138793
"592",2191,1179,705,66,600,96,23803.6973683511
"593",2106,1063,502,68,903,96,19072.4450860263
"594",2231,1307,870,74,665,102,24726.0353198663
"595",2011,1145,483,62,875,106,15756.5149414354
"596",1873,853,443,65,716,104,11298.8179857639
"597",1924,1361,746,66,1031,101,19452.2275181661
"598",2205,1110,503,62,628,91,20928.2244494433
"599",1787,1144,684,66,772,103,17544.5262306257
"600",1761,769,1114,83,676,94,18613.6750686837
"601",2078,937,1291,63,852,94,16410.4969633761
"602",2153,694,623,62,962,96,13939.4729529285
"603",1577,981,691,64,914,96,13278.782792936
"604",2196,1341,864,67,677,106,20363.0002540878
"605",2002,885,538,62,985,97,14197.8024171616
"606",1954,1016,795,74,891,110,14918.1367249406
"607",2276,1195,537,69,815,104,19739.2827132016
"608",2369,603,595,62,641,97,16654.6126323459
"609",1713,657,769,66,951,95,13035.0151288412
"610",2252,768,777,68,501,101,15453.4632167218
"611",1841,1075,1004,70,409,99,17924.6580550659
"612",2033,1020,698,75,709,114,16284.2744247468
"613",2120,1311,941,68,526,94,23724.7465533377
"614",2033,691,372,61,859,105,10718.1095965433
"615",1634,890,866,72,1124,97,12617.1585719874
"616",1873,474,1011,67,694,112,9366.65324532189
"617",2384,1404,785,64,748,101,24860.1898932468
"618",2043,1271,764,75,950,100,21370.2762013818
"619",1791,839,699,64,472,101,15364.7623505219
"620",1836,936,836,75,493,106,15588.9046041842
"621",2264,966,1006,69,1166,99,19052.8416253988
"622",2086,1448,1034,74,694,105,21017.5979143297
"623",1775,1009,858,73,755,108,17349.6034092247
"624",2001,1103,673,68,1061,101,17778.0548262327
"625",2149,1174,1232,80,954,103,20498.9849052079
"626",2430,1172,1045,72,429,97,24796.8864980466
"627",1779,582,568,66,1033,91,12988.0465366579
"628",1905,1185,851,68,705,100,20317.3092618216
"629",2249,768,390,69,642,98,17267.3922861747
"630",1885,992,393,76,465,104,18363.7839989521
"631",2365,518,595,76,406,104,14955.9405245169
"632",2260,1053,808,77,817,96,24283.2959780787
"633",1585,748,658,79,968,93,15052.4022260185
"634",2105,455,1107,71,457,102,11969.8322894662
"635",1645,581,1321,70,484,96,12240.5464800202
"636",1633,644,1027,75,971,100,13680.4592600156
"637",2017,1137,1115,73,865,99,21069.3789024852
"638",2014,1077,1015,73,896,95,19712.5703698723
"639",1991,1171,1073,69,627,95,20757.2039297815
"640",2316,867,1415,76,706,104,20622.9897391687
"641",2073,1045,626,72,522,106,20135.2048401115
"642",1831,1102,500,75,898,93,22379.7245253382
"643",2029,978,1453,69,710,96,18346.8084780078
"644",1871,723,656,69,630,98,15897.6662504996
"645",1982,1282,475,65,938,102,18729.7411626043
"646",1712,1417,536,74,689,109,18076.1575773345
"647",1971,1504,987,63,961,97,22519.5693414519
"648",2025,1223,664,63,731,101,18851.0783815418
"649",1824,953,700,76,833,95,17357.7106729537
"650",2010,968,723,56,856,106,13422.4918972749
"651",1837,923,1028,73,943,100,15039.6844346265
"652",1838,934,785,63,720,103,14034.1331432313
"653",1948,987,1019,75,1005,97,18750.8421168965
"654",2122,506,821,71,906,110,12410.4905882579
"655",1948,1002,1088,70,1196,104,17032.5623196895
"656",2047,1058,1004,72,559,101,19393.4915234343
"657",2242,762,929,71,717,107,17076.9121197648
"658",1928,560,979,67,890,104,10589.1108173128
"659",1974,910,341,64,747,96,16072.7749137397
"660",2127,219,773,70,1004,98,8936.22751412817
"661",1685,1418,703,67,713,93,20616.9172877369
"662",2135,1172,411,73,732,101,19989.8211259384
"663",1866,755,845,64,756,98,13916.11396063
"664",1715,1003,954,61,777,103,12935.695024408
"665",1557,958,942,72,818,99,14948.113277443
"666",1821,584,626,76,541,100,11576.0770197791
"667",1707,780,889,71,710,103,14599.4038542528
"668",1705,1241,898,68,1011,99,16653.6859374735
"669",2406,711,1257,69,1120,99,15769.8955248319
"670",1696,812,520,75,858,90,15767.5920938183
"671",2249,813,972,67,492,95,18358.2798708561
"672",2136,1306,714,70,1086,100,21790.7040430153
"673",1778,952,861,69,1029,106,13109.210467898
"674",1847,1138,516,70,792,96,18553.999697585
"675",1897,1192,580,75,878,103,18879.2717632991
"676",2047,904,413,72,1022,102,17681.6742235462
"677",1912,717,777,70,970,89,17224.4014483343
"678",2206,1042,852,62,1029,100,18545.9200630638
"679",1926,910,735,69,525,98,17096.3365201288
"680",1458,1360,587,72,533,99,17344.3286041427
"681",1975,870,952,71,735,106,13143.016722056
"682",1537,922,1030,65,615,90,14762.1860542217
"683",2234,1170,730,66,985,103,19665.8823100527
"684",1813,834,1153,66,941,92,16079.5246744664
"685",1721,995,475,65,788,102,13977.8437286424
"686",1852,1124,978,74,651,104,17073.4457585563
"687",2146,898,998,74,465,102,18206.6009135305
"688",1520,697,590,74,677,99,12900.1517124439
"689",2063,1078,944,67,503,110,16489.6120250671
"690",1756,930,971,69,657,99,16822.9780562455
"691",1997,495,1093,72,744,95,12555.5345894194
"692",2169,1067,894,74,798,109,17739.1480495095
"693",2142,1032,579,69,901,103,18446.9921294744
"694",2375,580,664,68,1046,91,16174.9524774181
"695",2032,868,676,58,855,98,12734.1720133681
"696",1824,956,1052,68,380,95,15440.2225898507
"697",2538,860,650,66,639,106,17530.2708289724
"698",1924,1137,509,72,960,97,17025.987266207
"699",2201,605,926,67,764,103,13699.3738711888
"700",2232,761,1015,73,701,99,17496.2541031481
"701",2113,887,1328,68,996,99,17470.1374766672
"702",2356,1360,1002,65,779,102,23655.2330231121
"703",1947,961,797,59,994,98,13777.3478152452
"704",1692,744,840,65,737,98,12893.1741074856
"705",1909,1384,570,72,930,100,22500.9327892996
"706",1863,942,1351,67,724,94,15668.3631661567
"707",2081,1137,605,71,902,88,22000.383869761
"708",1766,1280,831,57,887,94,15609.1928503111
"709",2170,1102,992,70,777,108,18434.7359034011
"710",1709,1325,411,68,1067,106,17393.1468182133
"711",2438,802,1040,68,795,105,15501.2626655485
"712",2362,1399,876,75,874,98,26766.6007291305
"713",1887,544,762,71,995,100,11552.6340938749
"714",2035,756,916,70,885,93,15757.6464726639
"715",1906,853,682,80,745,102,17057.1986805446
"716",1698,1058,235,68,507,91,19401.7511749541
"717",1334,881,967,73,1024,96,12450.352713472
"718",1993,1145,686,68,381,99,20041.2019558488
"719",1991,1105,1182,67,918,102,17726.4709316209
"720",2410,1169,585,74,555,99,25276.0219131166
"721",1501,1370,971,69,786,98,16592.7099166661
"722",1834,643,940,66,783,99,13480.7626806997
"723",2220,1242,788,68,445,91,23827.8047307925
"724",2085,933,513,69,669,93,19136.2038956457
"725",2030,799,846,72,544,96,17491.6600496736
"726",1844,555,467,70,585,96,11926.4273840136
"727",2050,787,609,70,758,98,15871.475448122
"728",1941,925,618,79,705,102,17134.1377803348
"729",2028,514,1112,61,947,99,11029.1700883839
"730",1855,909,397,68,596,95,17497.897992489
"731",2297,1127,585,69,642,101,20946.6844867377
"732",2264,675,460,63,807,103,11184.3254418425
"733",2334,998,899,82,428,94,22380.1421348357
"734",1908,663,925,67,766,100,13563.2514652437
"735",1923,987,1237,75,750,107,15411.9805404267
"736",1912,1223,614,67,609,94,21084.7741133341
"737",2343,455,1214,66,689,102,14164.1985252538
"738",1925,1576,926,64,471,96,23297.6377843085
"739",2024,708,854,64,643,94,14756.6617591454
"740",2095,1235,997,56,721,100,17244.5046824846
"741",2169,1519,553,73,706,109,23725.853761404
"742",1933,764,746,67,652,98,13990.9236593632
"743",2586,831,634,70,370,91,20615.906793588
"744",1768,1255,1339,68,826,95,18496.426876028
"745",1643,795,599,71,554,96,15877.6974322302
"746",2010,760,821,65,750,98,15133.7627455301
"747",2441,1395,924,68,809,97,24885.6690881901
"748",2013,1441,240,72,880,97,23849.5287052509
"749",2027,943,959,72,777,105,16264.3604124394
"750",2215,1570,322,69,686,105,23548.8259765304
"751",1975,1475,902,61,601,97,22098.8817078404
"752",2025,982,356,73,1007,101,17949.5402936293
"753",2302,796,633,73,811,105,16313.885613132
"754",2023,831,822,78,570,101,16193.8562795254
"755",1811,1350,626,61,425,100,17820.0079324755
"756",2098,1135,495,71,892,106,19484.7257016118
"757",1727,1160,1270,69,857,97,18473.7947303882
"758",1635,996,853,76,1016,97,18468.3251973893
"759",1969,1045,1297,70,1018,102,19008.0657004838
"760",1724,877,631,63,1251,95,12841.9769644601
"761",2145,1283,677,66,542,99,23001.8459778936
"762",1963,918,1286,72,555,107,15841.0572872708
"763",1808,1497,813,65,499,111,17665.1429015917
"764",2405,1146,791,58,681,100,19940.8377138478
"765",1972,1247,1100,79,953,100,21392.3531786569
"766",2355,1368,640,71,881,90,24512.7905377598
"767",1971,988,468,73,994,103,17239.1896550913
"768",1917,558,890,66,527,94,14028.7073883985
"769",2093,847,686,68,797,99,15740.1805007379
"770",2257,1148,764,59,896,102,18248.035838243
"771",2676,1300,930,78,831,93,29732.8142243965
"772",1741,1052,404,73,1043,108,14920.4796751115
"773",1954,1209,407,65,632,102,19945.4786664119
"774",2269,1235,1092,71,924,107,20003.7472703638
"775",2085,1257,803,72,831,96,22749.4157448567
"776",1953,1186,1055,65,881,96,18830.6999122854
"777",1674,952,761,65,484,109,11716.3463974125
"778",1930,1256,936,73,967,100,18281.5279847043
"779",1953,873,913,72,944,101,15711.0040874702
"780",1979,1087,599,74,826,108,18505.8387529889
"781",2403,872,1106,68,730,100,19776.5420646422
"782",1884,1119,1015,67,1115,101,16156.7104259511
"783",1605,1125,842,74,760,103,16783.7220835138
"784",2124,973,795,72,882,93,20850.9718040213
"785",1972,1006,1379,72,689,99,18869.0315126119
"786",1948,1108,387,58,764,96,15776.027043461
"787",2158,717,551,60,284,108,14104.7876668007
"788",1273,1255,1224,67,602,98,13363.1021606671
"789",1861,1067,757,69,1036,102,17116.3897791055
"790",1961,1137,367,74,737,99,21907.3738799713
"791",2151,957,704,71,542,102,19025.0007799305
"792",1934,530,957,66,488,101,10197.1650471587
"793",1748,1187,1091,64,870,102,16419.1275076897
"794",2093,934,924,81,595,97,19604.5178194446
"795",2004,1154,649,74,1316,100,19246.8516944494
"796",2027,1511,414,72,1045,95,24010.789133711
"797",2289,711,1205,74,1016,97,18301.325808643
"798",1864,1338,793,69,825,104,18540.7554883027
"799",1687,908,651,64,575,101,14253.2629011955
"800",1679,985,667,66,857,99,14538.4438914295
"801",1744,866,1028,64,927,98,12299.1971844537
"802",1653,875,444,82,780,94,17077.3597253237
"803",1987,712,714,64,638,105,12835.3825669737
"804",2452,1031,1113,66,1121,99,19449.4516798344
"805",1975,1118,939,72,882,100,19507.2110134004
"806",2194,953,914,68,719,107,16403.5863852205
"807",1724,595,850,61,822,99,12861.3803029827
"808",1944,899,620,71,930,104,14332.6010949689
"809",2141,1103,772,64,1013,90,19955.2912383346
"810",1911,819,589,63,423,103,12991.1183696538
"811",2196,852,1003,64,511,106,15945.2807330634
"812",2173,707,900,76,892,98,18042.6015692517
"813",1841,1147,682,69,919,103,18042.7761739597
"814",1807,832,1088,72,623,100,14104.5172110278
"815",2589,1791,1172,67,872,99,33766.6915129753
"816",1951,1253,1055,69,461,101,19220.7045465914
"817",2001,958,1044,69,707,104,17920.9787914055
"818",1986,1000,676,79,1005,103,18655.0223177568
"819",1857,820,1067,85,824,97,18028.4272644582
"820",1768,1070,498,73,951,99,18845.6112281689
"821",1716,1001,1055,64,602,91,17494.4057387433
"822",2228,567,1155,67,828,102,14261.4408057962
"823",1753,539,896,69,492,103,12117.9687350313
"824",2166,1150,776,71,805,98,22169.9180951435
"825",2351,420,665,65,595,99,12558.113696909
"826",2289,904,470,72,448,99,19368.3134316009
"827",1965,1413,743,72,622,100,22501.9898584852
"828",1865,584,760,68,1192,100,10485.6664110225
"829",1730,1073,1098,72,701,108,16001.3834499982
"830",1995,1392,528,60,702,111,16359.8125800459
"831",1941,1127,771,70,693,96,19618.291558842
"832",2039,1321,694,73,658,104,21569.3992726355
"833",1848,758,715,67,642,106,13768.8733361098
"834",2157,1158,965,66,808,98,18349.5624597409
"835",2178,1045,809,68,767,106,18985.1558514004
"836",2268,1337,824,78,941,103,25050.549952968
"837",2562,1621,914,68,934,105,28136.743203182
"838",2049,1028,407,69,888,110,16016.3976117471
"839",1856,1273,772,63,773,101,16434.8416563486
"840",1980,899,829,74,847,103,14716.6457716121
"841",1593,910,728,67,1022,103,11253.6242671102
"842",2032,861,1001,77,778,102,17445.9598745513
"843",1893,661,439,64,808,94,13892.1878877108
"844",2101,1018,98,72,440,106,18432.9320536486
"845",1932,990,498,61,589,104,14044.5945341801
"846",1654,1180,917,77,876,101,17227.0710262
"847",2009,946,1239,71,501,110,14439.7386979215
"848",1661,771,1190,75,786,98,14608.8421217995
"849",2224,967,445,73,727,97,19006.9906890301
"850",1542,1460,589,79,969,102,20293.2918690515
"851",1964,1112,1070,79,887,92,22672.6484571173
"852",2114,1068,798,64,693,99,18278.788563761
"853",1620,1264,913,73,988,100,17991.1742855735
"854",2349,1448,982,66,860,107,24340.2349565694
"855",1778,1427,1068,68,811,94,22534.8383035505
"856",1873,892,1209,63,1035,100,14105.2704256933
"857",2040,980,833,70,858,95,18225.1188412212
"858",1915,909,807,63,1029,105,14415.3415214863
"859",1741,949,299,66,769,102,14836.0443962969
"860",2102,1112,995,69,927,91,21851.0715729062
"861",1868,880,766,66,982,96,16802.6463115309
"862",2126,708,449,70,667,106,13430.9620476851
"863",1873,940,830,74,741,103,16013.4240635882
"864",1760,1362,911,67,507,99,18668.8333372648
"865",1976,1463,469,71,778,101,22600.3313467661
"866",2162,899,666,68,656,101,14651.4154761918
"867",2060,1206,835,71,740,104,21124.367809024
"868",1985,967,505,71,678,103,17974.0929160406
"869",1513,969,806,73,724,94,15897.8757772358
"870",2362,831,817,71,695,104,15506.999376232
"871",1990,605,1193,61,676,98,11919.3797346276
"872",1784,1450,1128,63,712,106,18707.7484993733
"873",1949,1200,613,75,1072,101,21718.6359139393
"874",2065,551,1232,66,610,98,14774.6440022037
"875",1620,913,971,71,980,94,15434.2616206338
"876",2179,1388,359,69,639,99,22721.9709145155
"877",2061,1026,546,70,861,100,19751.5838876833
"878",2300,1048,595,79,617,101,23493.5691209236
"879",2246,1212,760,63,584,102,21679.5846455844
"880",1865,1247,662,76,889,100,21284.4440087184
"881",1877,1156,495,71,760,103,15440.2767866689
"882",1751,1103,487,70,498,105,16345.9708972924
"883",1909,1368,1130,66,945,98,19753.3946742321
"884",2236,1427,843,74,683,102,25299.5754082051
"885",2448,1057,835,72,828,102,21995.03285749
"886",2232,947,787,70,872,96,19720.9304691268
"887",1542,1003,989,64,557,100,13299.3008875684
"888",2205,1087,934,74,664,99,21133.9116617821
"889",2259,830,888,68,1113,106,15093.9006711488
"890",2154,1160,1411,68,923,99,19936.3024653432
"891",1786,677,681,75,512,101,14538.7322799133
"892",2266,1556,1010,73,737,102,25780.0593189925
"893",2182,379,1123,67,570,105,9027.2267185955
"894",2165,1043,866,72,1008,107,17672.7593183096
"895",1904,985,474,65,798,88,17377.5709166083
"896",2211,1136,695,73,741,98,22268.0485551445
"897",2027,897,933,65,1002,99,15083.6717897436
"898",1983,1600,665,60,1022,94,23604.1320070531
"899",2371,963,851,78,341,104,20395.6485640805
"900",2189,1005,668,68,931,102,18205.839988561
"901",1281,1281,936,73,720,94,16058.2371640061
"902",1893,1174,1138,64,941,95,17157.0724077675
"903",1628,1045,623,69,631,100,15707.293154312
"904",2147,957,508,73,925,94,20005.799271868
"905",1889,941,635,75,626,102,18648.6980242405
"906",2225,661,772,73,863,93,17449.406535359
"907",2116,1157,619,72,552,97,22682.5856024895
"908",2005,1111,478,68,815,107,17921.3543620244
"909",1978,738,1236,71,1217,112,11742.8602798416
"910",1909,953,665,73,1042,103,14693.0451448044
"911",2049,1321,1037,63,977,104,18947.0701154557
"912",1722,1318,562,69,591,108,16584.1903302003
"913",2168,694,695,66,1062,102,14203.9305551625
"914",1901,1200,903,63,971,95,18225.5950701056
"915",1814,1031,756,75,690,98,20277.7171980159
"916",1918,1097,999,75,733,97,18337.0389422153
"917",2468,781,925,68,678,94,19548.8211969495
"918",1560,948,829,66,965,91,15661.0305767791
"919",1912,485,735,75,627,100,14042.2006616237
"920",2026,815,465,70,731,98,14942.3589341512
"921",1865,923,599,66,574,100,16436.9916972949
"922",1897,1325,506,67,945,93,21309.3886161054
"923",2095,735,757,59,499,103,13098.8004650448
"924",2055,1075,802,68,554,101,18211.5866686878
"925",1831,1022,961,81,493,97,18017.2733142336
"926",2141,659,654,68,673,99,13686.1695939831
"927",2044,1070,586,65,857,98,16624.9187644209
"928",2171,1395,807,74,527,101,25066.9543289862
"929",1668,1235,728,71,1096,94,18525.8060228109
"930",1808,1282,787,72,841,102,19342.8275577807
"931",1951,946,1434,67,710,94,16049.9959688528
"932",2239,1239,1066,68,811,104,21178.9106189052
"933",1867,407,628,72,882,106,10636.1074208706
"934",1741,686,1014,64,834,98,10637.9066182224
"935",2192,956,620,73,850,104,17998.9006942478
"936",2116,1027,372,72,800,100,17954.3208739801
"937",1693,1129,1120,65,875,89,18270.5164553835
"938",2511,1180,836,71,776,101,24239.4578098954
"939",2374,885,814,65,752,95,19551.5240031921
"940",1652,879,622,70,499,94,16547.9264182313
"941",2538,912,1110,71,1044,106,17986.4328962375
"942",1567,859,848,66,681,99,13837.1122584444
"943",2025,968,1124,64,967,108,14994.3306050397
"944",1714,1219,887,66,681,97,17535.5659120247
"945",1905,1115,941,67,1053,99,16908.253013942
"946",1912,890,583,68,619,99,16784.5718158324
"947",2080,826,860,67,698,97,16769.7545638347
"948",1718,973,534,66,782,97,15721.9730260359
"949",1310,948,194,73,807,102,11145.9608852023
"950",1976,1304,1035,63,938,94,21342.6908461673
"951",1813,432,1158,74,1120,104,11932.8559024642
"952",2052,756,904,73,967,90,16610.3150611941
"953",1787,1155,867,66,779,93,19200.7834420987
"954",2198,1165,896,75,782,95,21844.0410687273
"955",2007,837,343,69,435,98,17231.116426654
"956",2150,947,555,68,904,101,16859.3246531768
"957",1751,1449,635,67,931,91,22122.085748688
"958",1947,725,754,70,1106,99,13458.8706521768
"959",2086,1444,891,67,678,97,24809.858206901
"960",1977,1079,1108,60,549,106,16214.4427855313
"961",2413,1262,1193,64,810,105,20828.1772813257
"962",1509,868,809,70,636,101,13804.4825207202
"963",2189,719,962,77,558,95,16620.3206811199
"964",2003,1099,732,73,637,95,20081.5082631083
"965",2236,1105,839,74,774,96,21876.6674194722
"966",1975,893,1023,72,885,105,15390.6013098376
"967",1315,780,918,74,905,106,10326.5499794659
"968",2105,1324,677,77,968,100,23745.7325698923
"969",1945,665,963,64,775,94,13679.716424259
"970",1752,1357,1012,61,560,102,17508.9097244141
"971",1835,851,640,69,859,96,15549.0223594618
"972",2013,529,928,65,853,99,11539.7417732777
"973",2613,1545,1039,61,702,96,26470.9616030971
"974",2047,1094,1002,71,756,99,20036.1966651925
"975",1755,732,755,63,764,101,10644.1088149903
"976",2475,906,1006,85,865,99,22577.892943433
"977",1890,801,1135,70,548,98,15717.0976164559
"978",1792,1078,550,73,823,99,16999.0761690254
"979",1688,1033,255,73,1057,93,17462.5019762222
"980",1831,689,1028,65,475,96,13111.2638601462
"981",2483,1064,603,69,674,97,23389.9637104879
"982",2226,831,617,64,979,100,16616.2469812665
"983",2184,1158,994,71,1339,91,18913.8276827322
"984",2036,1150,446,73,704,94,21897.3687665333
"985",2070,991,874,69,953,100,18826.7900395267
"986",2147,802,1389,57,479,97,16434.8928878274
"987",2053,882,535,74,620,102,16605.0862191235
"988",2038,746,692,67,806,97,13109.0705963942
"989",2238,1208,918,77,463,99,24581.3919684618
"990",1958,1338,842,71,919,100,21507.9518098354
"991",2063,1012,520,67,1115,94,19759.4981498703
"992",1775,1084,853,65,457,97,16735.914075635
"993",2395,947,712,70,1091,98,20338.3460345918
"994",2348,1054,550,64,573,94,22622.8389364026
"995",1546,1468,1060,73,557,99,21226.2125984194
"996",1945,1065,1226,72,560,98,17065.9119515941
"997",2137,1333,419,70,828,101,22886.88693725
"998",2120,1061,1086,75,721,97,20481.4646800994
"999",2190,656,858,65,787,98,14613.9560240242
"1000",1888,702,935,65,742,98,12709.7853489171
